EulerBernoulli 3.000000,x_inicial,x_final,Desplazamiento_i,Giro_i,Desplazamiento_j,Giro_j,Cortante_i,Momento_i_ext,Cortante_j,Momento_j_ext,0.115470
,0.000000 ,1.666667 ,0.000000 ,0.000000 ,-0.008972 ,-0.010094 ,50000.000000 ,250000.000000 ,-50000.000000 ,-166666.666667 
,1.666667 ,3.333333 ,-0.008972 ,-0.010094 ,-0.031403 ,-0.016150 ,50000.000000 ,166666.666667 ,-50000.000000 ,-83333.333333 
,3.333333 ,5.000000 ,-0.031403 ,-0.016150 ,-0.060562 ,-0.018169 ,50000.000000 ,83333.333333 ,-50000.000000 ,0.000000 
