EulerBernoulli 3.000000,x_inicial,x_final,Desplazamiento_i,Giro_i,Desplazamiento_j,Giro_j,Cortante_i,Momento_i_ext,Cortante_j,Momento_j_ext,0.115470
,0.000000 ,1.666667 ,0.000000 ,-0.001514 ,-0.002056 ,-0.000729 ,25000.000000 ,0.000000 ,-8333.333333 ,27777.777778 
,1.666667 ,3.333333 ,-0.002056 ,-0.000729 ,-0.002056 ,0.000729 ,8333.333333 ,-27777.777778 ,8333.333333 ,27777.777778 
,3.333333 ,5.000000 ,-0.002056 ,0.000729 ,0.000000 ,0.001514 ,-8333.333333 ,-27777.777778 ,25000.000000 ,-0.000000 
