Timoshenko_2PG 3.000000,x_inicial,x_final,Desplazamiento_i,Giro_i,Desplazamiento_j,Giro_j,Cortante_i,Momento_i_ext,Cortante_j,Momento_j_ext,0.115470
,0.000000 ,1.666667 ,0.000000 ,-0.000192 ,-0.000271 ,-0.000096 ,25000.000000 ,0.000000 ,-8333.333333 ,27777.777778 
,1.666667 ,3.333333 ,-0.000271 ,-0.000096 ,-0.000271 ,0.000096 ,8333.333333 ,-27777.777778 ,8333.333333 ,27777.777778 
,3.333333 ,5.000000 ,-0.000271 ,0.000096 ,0.000000 ,0.000192 ,-8333.333333 ,-27777.777778 ,25000.000000 ,-0.000000 
