Timoshenko_1PG 6.000000,x_inicial,x_final,Desplazamiento_i,Giro_i,Desplazamiento_j,Giro_j,Cortante_i,Momento_i_ext,Cortante_j,Momento_j_ext,0.115470
,0.000000 ,0.833333 ,0.000000 ,0.000000 ,-0.002360 ,-0.005552 ,50000.000000 ,250000.000000 ,-50000.000000 ,-208333.333333 
,0.833333 ,1.666667 ,-0.002360 ,-0.005552 ,-0.008925 ,-0.010094 ,50000.000000 ,208333.333333 ,-50000.000000 ,-166666.666667 
,1.666667 ,2.500000 ,-0.008925 ,-0.010094 ,-0.018855 ,-0.013626 ,50000.000000 ,166666.666667 ,-50000.000000 ,-125000.000000 
,2.500000 ,3.333333 ,-0.018855 ,-0.013626 ,-0.031309 ,-0.016150 ,50000.000000 ,125000.000000 ,-50000.000000 ,-83333.333333 
,3.333333 ,4.166667 ,-0.031309 ,-0.016150 ,-0.045445 ,-0.017664 ,50000.000000 ,83333.333333 ,-50000.000000 ,-41666.666667 
,4.166667 ,5.000000 ,-0.045445 ,-0.017664 ,-0.060422 ,-0.018169 ,50000.000000 ,41666.666667 ,-50000.000000 ,-0.000000 
