Timoshenko_2PG 6.000000,x_inicial,x_final,Desplazamiento_i,Giro_i,Desplazamiento_j,Giro_j,Cortante_i,Momento_i_ext,Cortante_j,Momento_j_ext,0.115470
,0.000000 ,0.833333 ,0.000000 ,0.000000 ,-0.000972 ,-0.002220 ,50000.000000 ,250000.000000 ,-50000.000000 ,-208333.333333 
,0.833333 ,1.666667 ,-0.000972 ,-0.002220 ,-0.003625 ,-0.004036 ,50000.000000 ,208333.333333 ,-50000.000000 ,-166666.666667 
,1.666667 ,2.500000 ,-0.003625 ,-0.004036 ,-0.007623 ,-0.005448 ,50000.000000 ,166666.666667 ,-50000.000000 ,-125000.000000 
,2.500000 ,3.333333 ,-0.007623 ,-0.005448 ,-0.012631 ,-0.006457 ,50000.000000 ,125000.000000 ,-50000.000000 ,-83333.333333 
,3.333333 ,4.166667 ,-0.012631 ,-0.006457 ,-0.018311 ,-0.007063 ,50000.000000 ,83333.333333 ,-50000.000000 ,-41666.666667 
,4.166667 ,5.000000 ,-0.018311 ,-0.007063 ,-0.024327 ,-0.007264 ,50000.000000 ,41666.666667 ,-50000.000000 ,-0.000000 
