Timoshenko_1PG 2.000000,x_inicial,x_final,Desplazamiento_i,Giro_i,Desplazamiento_j,Giro_j,Cortante_i,Momento_i_ext,Cortante_j,Momento_j_ext,0.115470
,0.000000 ,2.500000 ,0.000000 ,0.000000 ,-0.017173 ,-0.013626 ,50000.000000 ,250000.000000 ,-50000.000000 ,-125000.000000 
,2.500000 ,5.000000 ,-0.017173 ,-0.013626 ,-0.057057 ,-0.018169 ,50000.000000 ,125000.000000 ,-50000.000000 ,-0.000000 
