Timoshenko_2PG 7.000000,x_inicial,x_final,Desplazamiento_i,Giro_i,Desplazamiento_j,Giro_j,Cortante_i,Momento_i_ext,Cortante_j,Momento_j_ext,0.115470
,0.000000 ,0.714286 ,0.000000 ,0.000000 ,-0.000859 ,-0.002292 ,50000.000000 ,250000.000000 ,-50000.000000 ,-214285.714286 
,0.714286 ,1.428571 ,-0.000859 ,-0.002292 ,-0.003229 ,-0.004232 ,50000.000000 ,214285.714286 ,-50000.000000 ,-178571.428571 
,1.428571 ,2.142857 ,-0.003229 ,-0.004232 ,-0.006858 ,-0.005819 ,50000.000000 ,178571.428571 ,-50000.000000 ,-142857.142857 
,2.142857 ,2.857143 ,-0.006858 ,-0.005819 ,-0.011496 ,-0.007053 ,50000.000000 ,142857.142857 ,-50000.000000 ,-107142.857143 
,2.857143 ,3.571429 ,-0.011496 ,-0.007053 ,-0.016889 ,-0.007935 ,50000.000000 ,107142.857143 ,-50000.000000 ,-71428.571429 
,3.571429 ,4.285714 ,-0.016889 ,-0.007935 ,-0.022785 ,-0.008464 ,50000.000000 ,71428.571429 ,-50000.000000 ,-35714.285714 
,4.285714 ,5.000000 ,-0.022785 ,-0.008464 ,-0.028934 ,-0.008640 ,50000.000000 ,35714.285714 ,-50000.000000 ,-0.000000 
