EulerBernoulli 7.000000,x_inicial,x_final,Desplazamiento_i,Giro_i,Desplazamiento_j,Giro_j,Cortante_i,Momento_i_ext,Cortante_j,Momento_j_ext,0.115470
,0.000000 ,0.714286 ,0.000000 ,0.000000 ,-0.001766 ,-0.004820 ,50000.000000 ,250000.000000 ,-50000.000000 ,-214285.714286 
,0.714286 ,1.428571 ,-0.001766 ,-0.004820 ,-0.006709 ,-0.008899 ,50000.000000 ,214285.714286 ,-50000.000000 ,-178571.428571 
,1.428571 ,2.142857 ,-0.006709 ,-0.008899 ,-0.014302 ,-0.012236 ,50000.000000 ,178571.428571 ,-50000.000000 ,-142857.142857 
,2.142857 ,2.857143 ,-0.014302 ,-0.012236 ,-0.024013 ,-0.014832 ,50000.000000 ,142857.142857 ,-50000.000000 ,-107142.857143 
,2.857143 ,3.571429 ,-0.024013 ,-0.014832 ,-0.035313 ,-0.016685 ,50000.000000 ,107142.857143 ,-50000.000000 ,-71428.571429 
,3.571429 ,4.285714 ,-0.035313 ,-0.016685 ,-0.047673 ,-0.017798 ,50000.000000 ,71428.571429 ,-50000.000000 ,-35714.285714 
,4.285714 ,5.000000 ,-0.047673 ,-0.017798 ,-0.060562 ,-0.018169 ,50000.000000 ,35714.285714 ,-50000.000000 ,-0.000000 
