EulerBernoulli 5.000000,x_inicial,x_final,Desplazamiento_i,Giro_i,Desplazamiento_j,Giro_j,Cortante_i,Momento_i_ext,Cortante_j,Momento_j_ext,0.115470
,0.000000 ,1.000000 ,0.000000 ,0.000000 ,-0.003391 ,-0.006541 ,50000.000000 ,250000.000000 ,-50000.000000 ,-200000.000000 
,1.000000 ,2.000000 ,-0.003391 ,-0.006541 ,-0.012597 ,-0.011628 ,50000.000000 ,200000.000000 ,-50000.000000 ,-150000.000000 
,2.000000 ,3.000000 ,-0.012597 ,-0.011628 ,-0.026163 ,-0.015262 ,50000.000000 ,150000.000000 ,-50000.000000 ,-100000.000000 
,3.000000 ,4.000000 ,-0.026163 ,-0.015262 ,-0.042636 ,-0.017442 ,50000.000000 ,100000.000000 ,-50000.000000 ,-50000.000000 
,4.000000 ,5.000000 ,-0.042636 ,-0.017442 ,-0.060562 ,-0.018169 ,50000.000000 ,50000.000000 ,-50000.000000 ,-0.000000 
