Timoshenko_2PG 5.000000,x_inicial,x_final,Desplazamiento_i,Giro_i,Desplazamiento_j,Giro_j,Cortante_i,Momento_i_ext,Cortante_j,Momento_j_ext,0.115470
,0.000000 ,1.000000 ,0.000000 ,0.000000 ,-0.001090 ,-0.002069 ,50000.000000 ,250000.000000 ,-50000.000000 ,-200000.000000 
,1.000000 ,2.000000 ,-0.001090 ,-0.002069 ,-0.004020 ,-0.003678 ,50000.000000 ,200000.000000 ,-50000.000000 ,-150000.000000 
,2.000000 ,3.000000 ,-0.004020 ,-0.003678 ,-0.008329 ,-0.004827 ,50000.000000 ,150000.000000 ,-50000.000000 ,-100000.000000 
,3.000000 ,4.000000 ,-0.008329 ,-0.004827 ,-0.013557 ,-0.005517 ,50000.000000 ,100000.000000 ,-50000.000000 ,-50000.000000 
,4.000000 ,5.000000 ,-0.013557 ,-0.005517 ,-0.019245 ,-0.005747 ,50000.000000 ,50000.000000 ,-50000.000000 ,-0.000000 
