Timoshenko_1PG 8.000000,x_inicial,x_final,Desplazamiento_i,Giro_i,Desplazamiento_j,Giro_j,Cortante_i,Momento_i_ext,Cortante_j,Momento_j_ext,0.115470
,0.000000 ,0.625000 ,0.000000 ,0.000000 ,-0.001366 ,-0.004258 ,50000.000000 ,250000.000000 ,-50000.000000 ,-218750.000000 
,0.625000 ,1.250000 ,-0.001366 ,-0.004258 ,-0.005215 ,-0.007949 ,50000.000000 ,218750.000000 ,-50000.000000 ,-187500.000000 
,1.250000 ,1.875000 ,-0.005215 ,-0.007949 ,-0.011194 ,-0.011071 ,50000.000000 ,187500.000000 ,-50000.000000 ,-156250.000000 
,1.875000 ,2.500000 ,-0.011194 ,-0.011071 ,-0.018947 ,-0.013626 ,50000.000000 ,156250.000000 ,-50000.000000 ,-125000.000000 
,2.500000 ,3.125000 ,-0.018947 ,-0.013626 ,-0.028120 ,-0.015614 ,50000.000000 ,125000.000000 ,-50000.000000 ,-93750.000000 
,3.125000 ,3.750000 ,-0.028120 ,-0.015614 ,-0.038357 ,-0.017033 ,50000.000000 ,93750.000000 ,-50000.000000 ,-62500.000000 
,3.750000 ,4.375000 ,-0.038357 ,-0.017033 ,-0.049304 ,-0.017885 ,50000.000000 ,62500.000000 ,-50000.000000 ,-31250.000000 
,4.375000 ,5.000000 ,-0.049304 ,-0.017885 ,-0.060606 ,-0.018169 ,50000.000000 ,31250.000000 ,-50000.000000 ,-0.000000 
