Timoshenko_2PG 8.000000,x_inicial,x_final,Desplazamiento_i,Giro_i,Desplazamiento_j,Giro_j,Cortante_i,Momento_i_ext,Cortante_j,Momento_j_ext,0.115470
,0.000000 ,0.625000 ,0.000000 ,0.000000 ,-0.000757 ,-0.002309 ,50000.000000 ,250000.000000 ,-50000.000000 ,-218750.000000 
,0.625000 ,1.250000 ,-0.000757 ,-0.002309 ,-0.002860 ,-0.004310 ,50000.000000 ,218750.000000 ,-50000.000000 ,-187500.000000 
,1.250000 ,1.875000 ,-0.002860 ,-0.004310 ,-0.006118 ,-0.006003 ,50000.000000 ,187500.000000 ,-50000.000000 ,-156250.000000 
,1.875000 ,2.500000 ,-0.006118 ,-0.006003 ,-0.010338 ,-0.007388 ,50000.000000 ,156250.000000 ,-50000.000000 ,-125000.000000 
,2.500000 ,3.125000 ,-0.010338 ,-0.007388 ,-0.015327 ,-0.008466 ,50000.000000 ,125000.000000 ,-50000.000000 ,-93750.000000 
,3.125000 ,3.750000 ,-0.015327 ,-0.008466 ,-0.020894 ,-0.009235 ,50000.000000 ,93750.000000 ,-50000.000000 ,-62500.000000 
,3.750000 ,4.375000 ,-0.020894 ,-0.009235 ,-0.026845 ,-0.009697 ,50000.000000 ,62500.000000 ,-50000.000000 ,-31250.000000 
,4.375000 ,5.000000 ,-0.026845 ,-0.009697 ,-0.032989 ,-0.009851 ,50000.000000 ,31250.000000 ,-50000.000000 ,-0.000000 
