EulerBernoulli 5.000000,x_inicial,x_final,Desplazamiento_i,Giro_i,Desplazamiento_j,Giro_j,Cortante_i,Momento_i_ext,Cortante_j,Momento_j_ext,0.115470
,0.000000 ,1.000000 ,0.000000 ,-0.001514 ,-0.001405 ,-0.001199 ,25000.000000 ,0.000000 ,-15000.000000 ,20000.000000 
,1.000000 ,2.000000 ,-0.001405 ,-0.001199 ,-0.002253 ,-0.000448 ,15000.000000 ,-20000.000000 ,-5000.000000 ,30000.000000 
,2.000000 ,3.000000 ,-0.002253 ,-0.000448 ,-0.002253 ,0.000448 ,5000.000000 ,-30000.000000 ,5000.000000 ,30000.000000 
,3.000000 ,4.000000 ,-0.002253 ,0.000448 ,-0.001405 ,0.001199 ,-5000.000000 ,-30000.000000 ,15000.000000 ,20000.000000 
,4.000000 ,5.000000 ,-0.001405 ,0.001199 ,0.000000 ,0.001514 ,-15000.000000 ,-20000.000000 ,25000.000000 ,-0.000000 
