EulerBernoulli 4.000000,x_inicial,x_final,Desplazamiento_i,Giro_i,Desplazamiento_j,Giro_j,Cortante_i,Momento_i_ext,Cortante_j,Momento_j_ext,0.115470
,0.000000 ,1.250000 ,0.000000 ,-0.001514 ,-0.001686 ,-0.001041 ,25000.000000 ,0.000000 ,-12500.000000 ,23437.500000 
,1.250000 ,2.500000 ,-0.001686 ,-0.001041 ,-0.002366 ,-0.000000 ,12500.000000 ,-23437.500000 ,-0.000000 ,31250.000000 
,2.500000 ,3.750000 ,-0.002366 ,-0.000000 ,-0.001686 ,0.001041 ,-0.000000 ,-31250.000000 ,12500.000000 ,23437.500000 
,3.750000 ,5.000000 ,-0.001686 ,0.001041 ,0.000000 ,0.001514 ,-12500.000000 ,-23437.500000 ,25000.000000 ,-0.000000 
