Timoshenko_1PG 4.000000,x_inicial,x_final,Desplazamiento_i,Giro_i,Desplazamiento_j,Giro_j,Cortante_i,Momento_i_ext,Cortante_j,Momento_j_ext,0.115470
,0.000000 ,1.250000 ,0.000000 ,-0.001419 ,-0.001534 ,-0.000994 ,25000.000000 ,0.000000 ,-12500.000000 ,23437.500000 
,1.250000 ,2.500000 ,-0.001534 ,-0.000994 ,-0.002164 ,0.000000 ,12500.000000 ,-23437.500000 ,0.000000 ,31250.000000 
,2.500000 ,3.750000 ,-0.002164 ,0.000000 ,-0.001534 ,0.000994 ,0.000000 ,-31250.000000 ,12500.000000 ,23437.500000 
,3.750000 ,5.000000 ,-0.001534 ,0.000994 ,0.000000 ,0.001419 ,-12500.000000 ,-23437.500000 ,25000.000000 ,-0.000000 
