Timoshenko_1PG 2.000000,x_inicial,x_final,Desplazamiento_i,Giro_i,Desplazamiento_j,Giro_j,Cortante_i,Momento_i_ext,Cortante_j,Momento_j_ext,0.115470
,0.000000 ,2.500000 ,0.000000 ,-0.001136 ,-0.001454 ,0.000000 ,25000.000000 ,0.000000 ,0.000000 ,31250.000000 
,2.500000 ,5.000000 ,-0.001454 ,0.000000 ,0.000000 ,0.001136 ,0.000000 ,-31250.000000 ,25000.000000 ,-0.000000 
