EulerBernoulli 4.000000,x_inicial,x_final,Desplazamiento_i,Giro_i,Desplazamiento_j,Giro_j,Cortante_i,Momento_i_ext,Cortante_j,Momento_j_ext,0.115470
,0.000000 ,1.250000 ,0.000000 ,0.000000 ,-0.005205 ,-0.007949 ,50000.000000 ,250000.000000 ,-50000.000000 ,-187500.000000 
,1.250000 ,2.500000 ,-0.005205 ,-0.007949 ,-0.018926 ,-0.013626 ,50000.000000 ,187500.000000 ,-50000.000000 ,-125000.000000 
,2.500000 ,3.750000 ,-0.018926 ,-0.013626 ,-0.038324 ,-0.017033 ,50000.000000 ,125000.000000 ,-50000.000000 ,-62500.000000 
,3.750000 ,5.000000 ,-0.038324 ,-0.017033 ,-0.060562 ,-0.018169 ,50000.000000 ,62500.000000 ,-50000.000000 ,0.000000 
