Timoshenko_2PG 4.000000,x_inicial,x_final,Desplazamiento_i,Giro_i,Desplazamiento_j,Giro_j,Cortante_i,Momento_i_ext,Cortante_j,Momento_j_ext,0.115470
,0.000000 ,1.250000 ,0.000000 ,0.000000 ,-0.001205 ,-0.001816 ,50000.000000 ,250000.000000 ,-50000.000000 ,-187500.000000 
,1.250000 ,2.500000 ,-0.001205 ,-0.001816 ,-0.004356 ,-0.003113 ,50000.000000 ,187500.000000 ,-50000.000000 ,-125000.000000 
,2.500000 ,3.750000 ,-0.004356 ,-0.003113 ,-0.008803 ,-0.003891 ,50000.000000 ,125000.000000 ,-50000.000000 ,-62500.000000 
,3.750000 ,5.000000 ,-0.008803 ,-0.003891 ,-0.013900 ,-0.004151 ,50000.000000 ,62500.000000 ,-50000.000000 ,0.000000 
