Timoshenko_1PG 9.000000,x_inicial,x_final,Desplazamiento_i,Giro_i,Desplazamiento_j,Giro_j,Cortante_i,Momento_i_ext,Cortante_j,Momento_j_ext,0.115470
,0.000000 ,0.555556 ,0.000000 ,0.000000 ,-0.001090 ,-0.003813 ,50000.000000 ,250000.000000 ,-50000.000000 ,-222222.222222 
,0.555556 ,1.111111 ,-0.001090 ,-0.003813 ,-0.004175 ,-0.007178 ,50000.000000 ,222222.222222 ,-50000.000000 ,-194444.444444 
,1.111111 ,1.666667 ,-0.004175 ,-0.007178 ,-0.009003 ,-0.010094 ,50000.000000 ,194444.444444 ,-50000.000000 ,-166666.666667 
,1.666667 ,2.222222 ,-0.009003 ,-0.010094 ,-0.015327 ,-0.012561 ,50000.000000 ,166666.666667 ,-50000.000000 ,-138888.888889 
,2.222222 ,2.777778 ,-0.015327 ,-0.012561 ,-0.022898 ,-0.014580 ,50000.000000 ,138888.888889 ,-50000.000000 ,-111111.111111 
,2.777778 ,3.333333 ,-0.022898 ,-0.014580 ,-0.031465 ,-0.016150 ,50000.000000 ,111111.111111 ,-50000.000000 ,-83333.333333 
,3.333333 ,3.888889 ,-0.031465 ,-0.016150 ,-0.040780 ,-0.017271 ,50000.000000 ,83333.333333 ,-50000.000000 ,-55555.555556 
,3.888889 ,4.444444 ,-0.040780 ,-0.017271 ,-0.050593 ,-0.017944 ,50000.000000 ,55555.555556 ,-50000.000000 ,-27777.777778 
,4.444444 ,5.000000 ,-0.050593 ,-0.017944 ,-0.060655 ,-0.018169 ,50000.000000 ,27777.777778 ,-50000.000000 ,-0.000000 
