Timoshenko_2PG 9.000000,x_inicial,x_final,Desplazamiento_i,Giro_i,Desplazamiento_j,Giro_j,Cortante_i,Momento_i_ext,Cortante_j,Momento_j_ext,0.115470
,0.000000 ,0.555556 ,0.000000 ,0.000000 ,-0.000666 ,-0.002287 ,50000.000000 ,250000.000000 ,-50000.000000 ,-222222.222222 
,0.555556 ,1.111111 ,-0.000666 ,-0.002287 ,-0.002529 ,-0.004305 ,50000.000000 ,222222.222222 ,-50000.000000 ,-194444.444444 
,1.111111 ,1.666667 ,-0.002529 ,-0.004305 ,-0.005438 ,-0.006055 ,50000.000000 ,194444.444444 ,-50000.000000 ,-166666.666667 
,1.666667 ,2.222222 ,-0.005438 ,-0.006055 ,-0.009244 ,-0.007535 ,50000.000000 ,166666.666667 ,-50000.000000 ,-138888.888889 
,2.222222 ,2.777778 ,-0.009244 ,-0.007535 ,-0.013797 ,-0.008745 ,50000.000000 ,138888.888889 ,-50000.000000 ,-111111.111111 
,2.777778 ,3.333333 ,-0.013797 ,-0.008745 ,-0.018948 ,-0.009687 ,50000.000000 ,111111.111111 ,-50000.000000 ,-83333.333333 
,3.333333 ,3.888889 ,-0.018948 ,-0.009687 ,-0.024548 ,-0.010360 ,50000.000000 ,83333.333333 ,-50000.000000 ,-55555.555556 
,3.888889 ,4.444444 ,-0.024548 ,-0.010360 ,-0.030447 ,-0.010764 ,50000.000000 ,55555.555556 ,-50000.000000 ,-27777.777778 
,4.444444 ,5.000000 ,-0.030447 ,-0.010764 ,-0.036495 ,-0.010898 ,50000.000000 ,27777.777778 ,-50000.000000 ,0.000000 
